<?xml version="1.0" encoding="UTF-8"?>
<project-private xmlns="http://www.netbeans.org/ns/project-private/1">
    <editor-bookmarks xmlns="http://www.netbeans.org/ns/editor-bookmarks/2" lastBookmarkId="0"/>
    <open-files xmlns="http://www.netbeans.org/ns/projectui-open-files/2">
        <group>
            <file>file:/Users/emilyrodriguez/Desktop/School/Java%20Programming/Programming%20Project%201/personManagerApp/src/personmanagerapp/Customer.java</file>
            <file>file:/Users/emilyrodriguez/Desktop/School/Java%20Programming/Programming%20Project%201/personManagerApp/src/personmanagerapp/Person.java</file>
            <file>file:/Users/emilyrodriguez/Desktop/School/Java%20Programming/Programming%20Project%201/personManagerApp/src/personmanagerapp/Console.java</file>
            <file>file:/Users/emilyrodriguez/Desktop/School/Java%20Programming/Programming%20Project%201/personManagerApp/src/personmanagerapp/PersonManagerApp.java</file>
            <file>file:/Users/emilyrodriguez/Desktop/School/Java%20Programming/Programming%20Project%201/personManagerApp/src/personmanagerapp/Employee.java</file>
        </group>
    </open-files>
</project-private>
