<?xml version="1.0" encoding="UTF-8"?>
<project-private xmlns="http://www.netbeans.org/ns/project-private/1">
    <editor-bookmarks xmlns="http://www.netbeans.org/ns/editor-bookmarks/1"/>
    <editor-bookmarks xmlns="http://www.netbeans.org/ns/editor-bookmarks/2" lastBookmarkId="0"/>
    <open-files xmlns="http://www.netbeans.org/ns/projectui-open-files/2">
        <group>
            <file>file:/Users/emilyrodriguez/Desktop/School/Java%20Programming/java%202/netbeans/ex_solutions/ch09_ex1_DisplayableTest_sol/src/Displayable.java</file>
            <file>file:/Users/emilyrodriguez/Desktop/School/Java%20Programming/java%202/netbeans/ex_solutions/ch09_ex1_DisplayableTest_sol/src/DepartmentConstants.java</file>
        </group>
    </open-files>
</project-private>
