<?xml version="1.0" encoding="UTF-8"?>
<project-private xmlns="http://www.netbeans.org/ns/project-private/1">
    <editor-bookmarks xmlns="http://www.netbeans.org/ns/editor-bookmarks/2" lastBookmarkId="0"/>
    <open-files xmlns="http://www.netbeans.org/ns/projectui-open-files/2">
        <group>
            <file>file:/Users/emilyrodriguez/Downloads/java%202/netbeans/ex_starts/ch09_ex2_CloneableTest/src/Product.java</file>
            <file>file:/Users/emilyrodriguez/Downloads/java%202/netbeans/ex_starts/ch09_ex2_CloneableTest/src/LineItemCloneApp.java</file>
            <file>file:/Users/emilyrodriguez/Downloads/java%202/netbeans/ex_starts/ch09_ex2_CloneableTest/src/LineItem.java</file>
            <file>file:/Users/emilyrodriguez/Downloads/java%202/netbeans/ex_starts/ch09_ex2_CloneableTest/src/ProductCloneApp.java</file>
        </group>
    </open-files>
</project-private>
