<?xml version="1.0" encoding="UTF-8"?>
<project-private xmlns="http://www.netbeans.org/ns/project-private/1">
    <editor-bookmarks xmlns="http://www.netbeans.org/ns/editor-bookmarks/2" lastBookmarkId="0"/>
    <open-files xmlns="http://www.netbeans.org/ns/projectui-open-files/2">
        <group>
            <file>file:/Users/emilyrodriguez/Desktop/School/Java%20Programming/Programming%20Project%202/AccountApp/src/AccountApp.java</file>
            <file>file:/Users/emilyrodriguez/Desktop/School/Java%20Programming/Programming%20Project%202/AccountApp/src/rodriguez/account/Account.java</file>
            <file>file:/Users/emilyrodriguez/Desktop/School/Java%20Programming/Programming%20Project%202/AccountApp/src/rodriguez/account/CheckingAccount.java</file>
            <file>file:/Users/emilyrodriguez/Desktop/School/Java%20Programming/Programming%20Project%202/AccountApp/src/rodriguez/presentation/Console.java</file>
            <file>file:/Users/emilyrodriguez/Desktop/School/Java%20Programming/Programming%20Project%202/AccountApp/src/rodriguez/account/SavingsAccount.java</file>
        </group>
    </open-files>
</project-private>
