<?xml version="1.0" encoding="UTF-8"?>
<project-private xmlns="http://www.netbeans.org/ns/project-private/1">
    <editor-bookmarks xmlns="http://www.netbeans.org/ns/editor-bookmarks/2" lastBookmarkId="0"/>
    <open-files xmlns="http://www.netbeans.org/ns/projectui-open-files/2">
        <group>
            <file>file:/Users/emilyrodriguez/Desktop/School/Java%20Programming/Ch%208%20EoC/ch08_ex1_Product/src/Album.java</file>
            <file>file:/Users/emilyrodriguez/Desktop/School/Java%20Programming/Ch%208%20EoC/ch08_ex1_Product/src/ProductApp.java</file>
            <file>file:/Users/emilyrodriguez/Desktop/School/Java%20Programming/Ch%208%20EoC/ch08_ex1_Product/src/ProductDB.java</file>
            <file>file:/Users/emilyrodriguez/Desktop/School/Java%20Programming/Ch%208%20EoC/ch08_ex1_Product/src/Product.java</file>
        </group>
    </open-files>
</project-private>
