<?xml version="1.0" encoding="UTF-8"?>
<project-private xmlns="http://www.netbeans.org/ns/project-private/1">
    <editor-bookmarks xmlns="http://www.netbeans.org/ns/editor-bookmarks/1"/>
    <editor-bookmarks xmlns="http://www.netbeans.org/ns/editor-bookmarks/2" lastBookmarkId="0"/>
    <open-files xmlns="http://www.netbeans.org/ns/projectui-open-files/2">
        <group>
            <file>file:/Users/emilyrodriguez/Desktop/School/Java%20Programming/Ch%2010%20EoC/ch10_ex3_Enumeration/src/CustomerTypeApp.java</file>
            <file>file:/Users/emilyrodriguez/Desktop/School/Java%20Programming/Ch%2010%20EoC/ch10_ex3_Enumeration/src/CustomerType.java</file>
        </group>
    </open-files>
</project-private>
