<?xml version="1.0" encoding="UTF-8"?>
<project-private xmlns="http://www.netbeans.org/ns/project-private/1">
    <editor-bookmarks xmlns="http://www.netbeans.org/ns/editor-bookmarks/2" lastBookmarkId="0"/>
    <open-files xmlns="http://www.netbeans.org/ns/projectui-open-files/2">
        <group>
            <file>file:/Users/emilyrodriguez/Desktop/School/Java%20Programming/Ch%2010%20EoC/ch10_ex2_LineItem/src/murach/business/Product.java</file>
            <file>file:/Users/emilyrodriguez/Desktop/School/Java%20Programming/Ch%2010%20EoC/ch10_ex2_LineItem/src/murach/app/LineItemApp.java</file>
            <file>file:/Users/emilyrodriguez/Desktop/School/Java%20Programming/Ch%2010%20EoC/ch10_ex2_LineItem/src/murach/business/LineItem.java</file>
            <file>file:/Users/emilyrodriguez/Desktop/School/Java%20Programming/Ch%2010%20EoC/ch10_ex2_LineItem/src/murach/presentation/Console.java</file>
        </group>
    </open-files>
</project-private>
